[
    {
        "reporter": "Cyborger1",
        "reported": "Shpinki",
        "region_id": 14652,
        "x_coord": 3682,
        "y_coord": 3851,
        "z_coord": 0,
        "ts": 1704223737,
        "manual_detect": 0,
        "on_members_world": 1,
        "on_pvp_world": 0,
        "world_number": 324,
        "equipment": {
            "equip_head_id": 13592,
            "equip_amulet_id": null,
            "equip_torso_id": 13596,
            "equip_legs_id": 13598,
            "equip_boots_id": 13602,
            "equip_cape_id": 13594,
            "equip_hands_id": 13600,
            "equip_weapon_id": 1381,
            "equip_shield_id": null
        },
        "equip_ge_value": 0
    },
    {
        "reporter": "Cyborger1",
        "reported": "Loveskippy",
        "region_id": 14652,
        "x_coord": 3685,
        "y_coord": 3870,
        "z_coord": 0,
        "ts": 1704223743,
        "manual_detect": 0,
        "on_members_world": 1,
        "on_pvp_world": 0,
        "world_number": 324,
        "equipment": {
            "equip_head_id": 27446,
            "equip_amulet_id": 10132,
            "equip_torso_id": 27452,
            "equip_legs_id": 27455,
            "equip_boots_id": 27461,
            "equip_cape_id": 27449,
            "equip_hands_id": 27458,
            "equip_weapon_id": 7409,
            "equip_shield_id": 13660
        },
        "equip_ge_value": 0
    },
    {
        "reporter": "Cyborger1",
        "reported": "Loveskippy",
        "region_id": 14652,
        "x_coord": 3666,
        "y_coord": 3866,
        "z_coord": 0,
        "ts": 1704223777,
        "manual_detect": 0,
        "on_members_world": 1,
        "on_pvp_world": 0,
        "world_number": 324,
        "equipment": {
            "equip_head_id": 27446,
            "equip_amulet_id": 10132,
            "equip_torso_id": 27452,
            "equip_legs_id": 27455,
            "equip_boots_id": 27461,
            "equip_cape_id": 27449,
            "equip_hands_id": 27458,
            "equip_weapon_id": 7409,
            "equip_shield_id": 13660
        },
        "equip_ge_value": 0
    },
    {
        "reporter": "Cyborger1",
        "reported": "Spooned Tuna",
        "region_id": 4922,
        "x_coord": 1253,
        "y_coord": 3741,
        "z_coord": 0,
        "ts": 1704224138,
        "manual_detect": 0,
        "on_members_world": 1,
        "on_pvp_world": 0,
        "world_number": 324,
        "equipment": {
            "equip_head_id": null,
            "equip_amulet_id": null,
            "equip_torso_id": null,
            "equip_legs_id": null,
            "equip_boots_id": null,
            "equip_cape_id": null,
            "equip_hands_id": null,
            "equip_weapon_id": null,
            "equip_shield_id": null
        },
        "equip_ge_value": 0
    },
    {
        "reporter": "Cyborger1",
        "reported": "IM Hale",
        "region_id": 4922,
        "x_coord": 1249,
        "y_coord": 3758,
        "z_coord": 0,
        "ts": 1704224088,
        "manual_detect": 0,
        "on_members_world": 1,
        "on_pvp_world": 0,
        "world_number": 324,
        "equipment": {
            "equip_head_id": null,
            "equip_amulet_id": null,
            "equip_torso_id": null,
            "equip_legs_id": null,
            "equip_boots_id": null,
            "equip_cape_id": 9810,
            "equip_hands_id": null,
            "equip_weapon_id": null,
            "equip_shield_id": null
        },
        "equip_ge_value": 0
    },
    {
        "reporter": "Cyborger1",
        "reported": "NewdogsNtown",
        "region_id": 12850,
        "x_coord": 3232,
        "y_coord": 3211,
        "z_coord": 0,
        "ts": 1704224293,
        "manual_detect": 0,
        "on_members_world": 1,
        "on_pvp_world": 0,
        "world_number": 324,
        "equipment": {
            "equip_head_id": null,
            "equip_amulet_id": 1710,
            "equip_torso_id": null,
            "equip_legs_id": null,
            "equip_boots_id": null,
            "equip_cape_id": null,
            "equip_hands_id": null,
            "equip_weapon_id": null,
            "equip_shield_id": null
        },
        "equip_ge_value": 0
    },
    {
        "reporter": "Cyborger1",
        "reported": "Smooth Biggs",
        "region_id": 12851,
        "x_coord": 3214,
        "y_coord": 3274,
        "z_coord": 0,
        "ts": 1704224470,
        "manual_detect": 0,
        "on_members_world": 1,
        "on_pvp_world": 0,
        "world_number": 324,
        "equipment": {
            "equip_head_id": 1167,
            "equip_amulet_id": 1725,
            "equip_torso_id": 1135,
            "equip_legs_id": 1099,
            "equip_boots_id": 4097,
            "equip_cape_id": 10498,
            "equip_hands_id": 1065,
            "equip_weapon_id": 8880,
            "equip_shield_id": 4156
        },
        "equip_ge_value": 0
    },
    {
        "reporter": "Cyborger1",
        "reported": "SimpinShrimp",
        "region_id": 12595,
        "x_coord": 3180,
        "y_coord": 3288,
        "z_coord": 0,
        "ts": 1704225257,
        "manual_detect": 0,
        "on_members_world": 1,
        "on_pvp_world": 0,
        "world_number": 324,
        "equipment": {
            "equip_head_id": 1147,
            "equip_amulet_id": 552,
            "equip_torso_id": 1135,
            "equip_legs_id": 1099,
            "equip_boots_id": 1061,
            "equip_cape_id": 10499,
            "equip_hands_id": 1065,
            "equip_weapon_id": 853,
            "equip_shield_id": null
        },
        "equip_ge_value": 0
    },
    {
        "reporter": "Cyborger1",
        "reported": "Shpinki",
        "region_id": 14651,
        "x_coord": 3682,
        "y_coord": 3837,
        "z_coord": 0,
        "ts": 1704223741,
        "manual_detect": 0,
        "on_members_world": 1,
        "on_pvp_world": 0,
        "world_number": 324,
        "equipment": {
            "equip_head_id": 13592,
            "equip_amulet_id": null,
            "equip_torso_id": 13596,
            "equip_legs_id": 13598,
            "equip_boots_id": 13602,
            "equip_cape_id": 13594,
            "equip_hands_id": 13600,
            "equip_weapon_id": 1381,
            "equip_shield_id": null
        },
        "equip_ge_value": 0
    },
    {
        "reporter": "Cyborger1",
        "reported": "Enkanooda",
        "region_id": 14652,
        "x_coord": 3687,
        "y_coord": 3861,
        "z_coord": 0,
        "ts": 1704223741,
        "manual_detect": 0,
        "on_members_world": 1,
        "on_pvp_world": 0,
        "world_number": 324,
        "equipment": {
            "equip_head_id": 25071,
            "equip_amulet_id": null,
            "equip_torso_id": 25077,
            "equip_legs_id": 25080,
            "equip_boots_id": 25086,
            "equip_cape_id": 13123,
            "equip_hands_id": 25083,
            "equip_weapon_id": 7409,
            "equip_shield_id": null
        },
        "equip_ge_value": 0
    },
    {
        "reporter": "Cyborger1",
        "reported": "GIM Merkthon",
        "region_id": 4922,
        "x_coord": 1253,
        "y_coord": 3741,
        "z_coord": 0,
        "ts": 1704223832,
        "manual_detect": 0,
        "on_members_world": 1,
        "on_pvp_world": 0,
        "world_number": 324,
        "equipment": {
            "equip_head_id": 13592,
            "equip_amulet_id": 1704,
            "equip_torso_id": 13596,
            "equip_legs_id": 13598,
            "equip_boots_id": 13602,
            "equip_cape_id": 13594,
            "equip_hands_id": 13600,
            "equip_weapon_id": 772,
            "equip_shield_id": 12954
        },
        "equip_ge_value": 0
    },
    {
        "reporter": "Cyborger1",
        "reported": "Spooned Tuna",
        "region_id": 4922,
        "x_coord": 1249,
        "y_coord": 3739,
        "z_coord": 0,
        "ts": 1704224027,
        "manual_detect": 0,
        "on_members_world": 1,
        "on_pvp_world": 0,
        "world_number": 324,
        "equipment": {
            "equip_head_id": null,
            "equip_amulet_id": null,
            "equip_torso_id": null,
            "equip_legs_id": null,
            "equip_boots_id": null,
            "equip_cape_id": null,
            "equip_hands_id": null,
            "equip_weapon_id": null,
            "equip_shield_id": null
        },
        "equip_ge_value": 0
    },
    {
        "reporter": "Cyborger1",
        "reported": "GIM Ribet",
        "region_id": 4922,
        "x_coord": 1248,
        "y_coord": 3728,
        "z_coord": 0,
        "ts": 1704224027,
        "manual_detect": 0,
        "on_members_world": 1,
        "on_pvp_world": 0,
        "world_number": 324,
        "equipment": {
            "equip_head_id": 11851,
            "equip_amulet_id": null,
            "equip_torso_id": 11855,
            "equip_legs_id": 11857,
            "equip_boots_id": 11861,
            "equip_cape_id": 9810,
            "equip_hands_id": 11859,
            "equip_weapon_id": null,
            "equip_shield_id": null
        },
        "equip_ge_value": 0
    },
    {
        "reporter": "Cyborger1",
        "reported": "Shpinki",
        "region_id": 4922,
        "x_coord": 1247,
        "y_coord": 3727,
        "z_coord": 0,
        "ts": 1704224027,
        "manual_detect": 0,
        "on_members_world": 1,
        "on_pvp_world": 0,
        "world_number": 324,
        "equipment": {
            "equip_head_id": 13592,
            "equip_amulet_id": null,
            "equip_torso_id": 13596,
            "equip_legs_id": 13598,
            "equip_boots_id": 13602,
            "equip_cape_id": 13594,
            "equip_hands_id": 13600,
            "equip_weapon_id": 1381,
            "equip_shield_id": null
        },
        "equip_ge_value": 0
    },
    {
        "reporter": "Cyborger1",
        "reported": "TittyJugs",
        "region_id": 4922,
        "x_coord": 1253,
        "y_coord": 3741,
        "z_coord": 0,
        "ts": 1704224064,
        "manual_detect": 0,
        "on_members_world": 1,
        "on_pvp_world": 0,
        "world_number": 324,
        "equipment": {
            "equip_head_id": 11851,
            "equip_amulet_id": 11968,
            "equip_torso_id": 11855,
            "equip_legs_id": 11857,
            "equip_boots_id": 11861,
            "equip_cape_id": 11853,
            "equip_hands_id": 11859,
            "equip_weapon_id": 7409,
            "equip_shield_id": 13660
        },
        "equip_ge_value": 0
    },
    {
        "reporter": "Cyborger1",
        "reported": "Enkanooda",
        "region_id": 4922,
        "x_coord": 1253,
        "y_coord": 3741,
        "z_coord": 0,
        "ts": 1704224138,
        "manual_detect": 0,
        "on_members_world": 1,
        "on_pvp_world": 0,
        "world_number": 324,
        "equipment": {
            "equip_head_id": 25071,
            "equip_amulet_id": null,
            "equip_torso_id": 25077,
            "equip_legs_id": 25080,
            "equip_boots_id": 25086,
            "equip_cape_id": 13123,
            "equip_hands_id": 25083,
            "equip_weapon_id": 7409,
            "equip_shield_id": null
        },
        "equip_ge_value": 0
    },
    {
        "reporter": "Cyborger1",
        "reported": "V1BER",
        "region_id": 4922,
        "x_coord": 1249,
        "y_coord": 3758,
        "z_coord": 0,
        "ts": 1704224088,
        "manual_detect": 0,
        "on_members_world": 1,
        "on_pvp_world": 0,
        "world_number": 324,
        "equipment": {
            "equip_head_id": 11865,
            "equip_amulet_id": 19547,
            "equip_torso_id": 27238,
            "equip_legs_id": 27241,
            "equip_boots_id": 13237,
            "equip_cape_id": 22109,
            "equip_hands_id": 7462,
            "equip_weapon_id": 20997,
            "equip_shield_id": null
        },
        "equip_ge_value": 0
    },
    {
        "reporter": "Cyborger1",
        "reported": "TheTavar",
        "region_id": 4922,
        "x_coord": 1253,
        "y_coord": 3741,
        "z_coord": 0,
        "ts": 1704224138,
        "manual_detect": 0,
        "on_members_world": 1,
        "on_pvp_world": 0,
        "world_number": 324,
        "equipment": {
            "equip_head_id": 13580,
            "equip_amulet_id": null,
            "equip_torso_id": 13584,
            "equip_legs_id": 13586,
            "equip_boots_id": 13590,
            "equip_cape_id": 13582,
            "equip_hands_id": 13588,
            "equip_weapon_id": 20730,
            "equip_shield_id": null
        },
        "equip_ge_value": 0
    },
    {
        "reporter": "Cyborger1",
        "reported": "ToxicDigiRat",
        "region_id": 12850,
        "x_coord": 3225,
        "y_coord": 3215,
        "z_coord": 0,
        "ts": 1704224293,
        "manual_detect": 0,
        "on_members_world": 1,
        "on_pvp_world": 0,
        "world_number": 324,
        "equipment": {
            "equip_head_id": null,
            "equip_amulet_id": null,
            "equip_torso_id": null,
            "equip_legs_id": null,
            "equip_boots_id": null,
            "equip_cape_id": null,
            "equip_hands_id": null,
            "equip_weapon_id": null,
            "equip_shield_id": null
        },
        "equip_ge_value": 0
    },
    {
        "reporter": "Cyborger1",
        "reported": "NineBoots",
        "region_id": 12850,
        "x_coord": 3222,
        "y_coord": 3219,
        "z_coord": 0,
        "ts": 1704224293,
        "manual_detect": 0,
        "on_members_world": 1,
        "on_pvp_world": 0,
        "world_number": 324,
        "equipment": {
            "equip_head_id": 1017,
            "equip_amulet_id": 1478,
            "equip_torso_id": 581,
            "equip_legs_id": 428,
            "equip_boots_id": 89,
            "equip_cape_id": 11853,
            "equip_hands_id": 1059,
            "equip_weapon_id": 1387,
            "equip_shield_id": null
        },
        "equip_ge_value": 0
    },
    {
        "reporter": "Cyborger1",
        "reported": "Kendra Thoma",
        "region_id": 12850,
        "x_coord": 3220,
        "y_coord": 3262,
        "z_coord": 0,
        "ts": 1704224310,
        "manual_detect": 0,
        "on_members_world": 1,
        "on_pvp_world": 0,
        "world_number": 324,
        "equipment": {
            "equip_head_id": null,
            "equip_amulet_id": null,
            "equip_torso_id": null,
            "equip_legs_id": null,
            "equip_boots_id": null,
            "equip_cape_id": null,
            "equip_hands_id": null,
            "equip_weapon_id": null,
            "equip_shield_id": null
        },
        "equip_ge_value": 0
    },
    {
        "reporter": "Cyborger1",
        "reported": "Theboss12237",
        "region_id": 12595,
        "x_coord": 3180,
        "y_coord": 3296,
        "z_coord": 0,
        "ts": 1704224432,
        "manual_detect": 0,
        "on_members_world": 1,
        "on_pvp_world": 0,
        "world_number": 324,
        "equipment": {
            "equip_head_id": null,
            "equip_amulet_id": 1706,
            "equip_torso_id": null,
            "equip_legs_id": null,
            "equip_boots_id": null,
            "equip_cape_id": null,
            "equip_hands_id": 11972,
            "equip_weapon_id": 6317,
            "equip_shield_id": null
        },
        "equip_ge_value": 0
    },
    {
        "reporter": "Cyborger1",
        "reported": "Proper Bot",
        "region_id": 4922,
        "x_coord": 1253,
        "y_coord": 3741,
        "z_coord": 0,
        "ts": 1704223832,
        "manual_detect": 0,
        "on_members_world": 1,
        "on_pvp_world": 0,
        "world_number": 324,
        "equipment": {
            "equip_head_id": 13647,
            "equip_amulet_id": 11111,
            "equip_torso_id": 13643,
            "equip_legs_id": 13641,
            "equip_boots_id": 13645,
            "equip_cape_id": 9799,
            "equip_hands_id": 11859,
            "equip_weapon_id": 9084,
            "equip_shield_id": 13660
        },
        "equip_ge_value": 0
    },
    {
        "reporter": "Cyborger1",
        "reported": "DonaldDegen",
        "region_id": 4922,
        "x_coord": 1253,
        "y_coord": 3741,
        "z_coord": 0,
        "ts": 1704224027,
        "manual_detect": 0,
        "on_members_world": 1,
        "on_pvp_world": 0,
        "world_number": 324,
        "equipment": {
            "equip_head_id": 10828,
            "equip_amulet_id": 1725,
            "equip_torso_id": 1127,
            "equip_legs_id": 1079,
            "equip_boots_id": 3105,
            "equip_cape_id": 13121,
            "equip_hands_id": 7462,
            "equip_weapon_id": 4587,
            "equip_shield_id": 12954
        },
        "equip_ge_value": 0
    },
    {
        "reporter": "Cyborger1",
        "reported": "GIM Waifu",
        "region_id": 4922,
        "x_coord": 1253,
        "y_coord": 3741,
        "z_coord": 0,
        "ts": 1704224138,
        "manual_detect": 0,
        "on_members_world": 1,
        "on_pvp_world": 0,
        "world_number": 324,
        "equipment": {
            "equip_head_id": 10828,
            "equip_amulet_id": 1704,
            "equip_torso_id": 2503,
            "equip_legs_id": 2497,
            "equip_boots_id": 3105,
            "equip_cape_id": 6570,
            "equip_hands_id": 7462,
            "equip_weapon_id": 4587,
            "equip_shield_id": 12954
        },
        "equip_ge_value": 0
    },
    {
        "reporter": "Cyborger1",
        "reported": "GIM Ribet",
        "region_id": 4922,
        "x_coord": 1247,
        "y_coord": 3737,
        "z_coord": 0,
        "ts": 1704224146,
        "manual_detect": 0,
        "on_members_world": 1,
        "on_pvp_world": 0,
        "world_number": 324,
        "equipment": {
            "equip_head_id": 11851,
            "equip_amulet_id": null,
            "equip_torso_id": 11855,
            "equip_legs_id": 11857,
            "equip_boots_id": 11861,
            "equip_cape_id": 9810,
            "equip_hands_id": 11859,
            "equip_weapon_id": null,
            "equip_shield_id": null
        },
        "equip_ge_value": 0
    },
    {
        "reporter": "Cyborger1",
        "reported": "Goated12722",
        "region_id": 12595,
        "x_coord": 3183,
        "y_coord": 3296,
        "z_coord": 0,
        "ts": 1704224519,
        "manual_detect": 0,
        "on_members_world": 1,
        "on_pvp_world": 0,
        "world_number": 324,
        "equipment": {
            "equip_head_id": null,
            "equip_amulet_id": 1706,
            "equip_torso_id": null,
            "equip_legs_id": null,
            "equip_boots_id": null,
            "equip_cape_id": null,
            "equip_hands_id": 11972,
            "equip_weapon_id": 6317,
            "equip_shield_id": null
        },
        "equip_ge_value": 0
    },
    {
        "reporter": "Cyborger1",
        "reported": "Theboss12237",
        "region_id": 12595,
        "x_coord": 3183,
        "y_coord": 3292,
        "z_coord": 0,
        "ts": 1704224746,
        "manual_detect": 0,
        "on_members_world": 1,
        "on_pvp_world": 0,
        "world_number": 324,
        "equipment": {
            "equip_head_id": null,
            "equip_amulet_id": 1706,
            "equip_torso_id": null,
            "equip_legs_id": null,
            "equip_boots_id": null,
            "equip_cape_id": null,
            "equip_hands_id": 11972,
            "equip_weapon_id": 6317,
            "equip_shield_id": null
        },
        "equip_ge_value": 0
    },
    {
        "reporter": "Cyborger1",
        "reported": "SnowGrind",
        "region_id": 12851,
        "x_coord": 3209,
        "y_coord": 3278,
        "z_coord": 0,
        "ts": 1704224770,
        "manual_detect": 0,
        "on_members_world": 1,
        "on_pvp_world": 0,
        "world_number": 324,
        "equipment": {
            "equip_head_id": 11865,
            "equip_amulet_id": 1725,
            "equip_torso_id": 544,
            "equip_legs_id": 542,
            "equip_boots_id": 11840,
            "equip_cape_id": 22114,
            "equip_hands_id": 22981,
            "equip_weapon_id": 27660,
            "equip_shield_id": 12954
        },
        "equip_ge_value": 0
    },
    {
        "reporter": "Cyborger1",
        "reported": "GIM Waifu",
        "region_id": 4922,
        "x_coord": 1253,
        "y_coord": 3741,
        "z_coord": 0,
        "ts": 1704224027,
        "manual_detect": 0,
        "on_members_world": 1,
        "on_pvp_world": 0,
        "world_number": 324,
        "equipment": {
            "equip_head_id": 10828,
            "equip_amulet_id": 1704,
            "equip_torso_id": 2503,
            "equip_legs_id": 2497,
            "equip_boots_id": 3105,
            "equip_cape_id": 6570,
            "equip_hands_id": 7462,
            "equip_weapon_id": 4587,
            "equip_shield_id": 12954
        },
        "equip_ge_value": 0
    },
    {
        "reporter": "Cyborger1",
        "reported": "GIM Quark",
        "region_id": 11571,
        "x_coord": 2936,
        "y_coord": 3281,
        "z_coord": 0,
        "ts": 1704224003,
        "manual_detect": 0,
        "on_members_world": 1,
        "on_pvp_world": 0,
        "world_number": 324,
        "equipment": {
            "equip_head_id": null,
            "equip_amulet_id": null,
            "equip_torso_id": null,
            "equip_legs_id": null,
            "equip_boots_id": null,
            "equip_cape_id": null,
            "equip_hands_id": null,
            "equip_weapon_id": null,
            "equip_shield_id": null
        },
        "equip_ge_value": 0
    },
    {
        "reporter": "Cyborger1",
        "reported": "bearpoof",
        "region_id": 11571,
        "x_coord": 2931,
        "y_coord": 3286,
        "z_coord": 0,
        "ts": 1704224024,
        "manual_detect": 0,
        "on_members_world": 1,
        "on_pvp_world": 0,
        "world_number": 324,
        "equipment": {
            "equip_head_id": 24872,
            "equip_amulet_id": 13393,
            "equip_torso_id": 24874,
            "equip_legs_id": 24876,
            "equip_boots_id": 24878,
            "equip_cape_id": 9781,
            "equip_hands_id": 13676,
            "equip_weapon_id": 24880,
            "equip_shield_id": null
        },
        "equip_ge_value": 0
    },
    {
        "reporter": "Cyborger1",
        "reported": "bigd4cilly",
        "region_id": 12595,
        "x_coord": 3190,
        "y_coord": 3274,
        "z_coord": 0,
        "ts": 1704224319,
        "manual_detect": 0,
        "on_members_world": 1,
        "on_pvp_world": 0,
        "world_number": 324,
        "equipment": {
            "equip_head_id": 1155,
            "equip_amulet_id": null,
            "equip_torso_id": 1103,
            "equip_legs_id": null,
            "equip_boots_id": 1061,
            "equip_cape_id": null,
            "equip_hands_id": null,
            "equip_weapon_id": 1265,
            "equip_shield_id": 1189
        },
        "equip_ge_value": 0
    },
    {
        "reporter": "Cyborger1",
        "reported": "Goated12722",
        "region_id": 12595,
        "x_coord": 3183,
        "y_coord": 3300,
        "z_coord": 0,
        "ts": 1704224751,
        "manual_detect": 0,
        "on_members_world": 1,
        "on_pvp_world": 0,
        "world_number": 324,
        "equipment": {
            "equip_head_id": null,
            "equip_amulet_id": 1706,
            "equip_torso_id": null,
            "equip_legs_id": null,
            "equip_boots_id": null,
            "equip_cape_id": null,
            "equip_hands_id": 11972,
            "equip_weapon_id": 6317,
            "equip_shield_id": null
        },
        "equip_ge_value": 0
    },
    {
        "reporter": "Cyborger1",
        "reported": "Theboss12237",
        "region_id": 12595,
        "x_coord": 3174,
        "y_coord": 3293,
        "z_coord": 0,
        "ts": 1704225178,
        "manual_detect": 0,
        "on_members_world": 1,
        "on_pvp_world": 0,
        "world_number": 324,
        "equipment": {
            "equip_head_id": null,
            "equip_amulet_id": 1706,
            "equip_torso_id": null,
            "equip_legs_id": null,
            "equip_boots_id": null,
            "equip_cape_id": null,
            "equip_hands_id": 11972,
            "equip_weapon_id": 6317,
            "equip_shield_id": null
        },
        "equip_ge_value": 0
    }
]